,count,non_null,mean_words,median_words,std_words,mean_chars
Eng_Trans_Statement,26232.0,26232.0,13.529696553827387,13.0,4.145650196715476,78.4790713632205
Eng_Trans_News_Body,26232.0,25360.0,41.437175968283015,35.0,21.670596402205234,239.07570905763953
Statement,26232.0,26232.0,12.705855443732846,12.0,3.811573425147469,81.59061451662092
News Body,26232.0,25359.0,39.4513571210735,36.0,18.396498759898464,270.68347819457153
